m_phi,width_central,width_lower,width_upper
0.0,0.0,0.0,0.0
0.1,0.0,0.0,0.0
0.1414213562373095,0.0,0.0,0.0
0.17320508075688773,0.0,0.0,0.0
0.2,0.0,0.0,0.0
0.22360679774997896,0.0,0.0,0.0
0.2449489742783178,0.0,0.0,0.0
0.2645751311064591,0.0,0.0,0.0
0.282842712474619,0.0,0.0,0.0
0.3,0.0,0.0,0.0
0.31622776601683794,0.0,0.0,0.0
0.33166247903553997,0.0,0.0,0.0
0.34641016151377546,0.0,0.0,0.0
0.36055512754639896,0.0,0.0,0.0
0.37416573867739417,0.0,0.0,0.0
0.3872983346207417,0.0,0.0,0.0
0.4,0.0,0.0,0.0
0.41231056256176607,0.0,0.0,0.0
0.4242640687119285,0.0,0.0,0.0
0.43588989435406733,0.0,0.0,0.0
0.4472135954999579,0.0,0.0,0.0
0.458257569495584,0.0,0.0,0.0
0.469041575982343,0.0,0.0,0.0
0.47958315233127197,0.0,0.0,0.0
0.4898979485566356,0.0,0.0,0.0
0.5,0.0,0.0,0.0
0.5099019513592785,0.0,0.0,0.0
0.5196152422706632,0.0,0.0,0.0
0.5291502622129182,0.0,0.0,0.0
0.5385164807134504,0.0,0.0,0.0
0.5477225575051661,0.0,0.0,0.0
0.5567764362830022,0.0,0.0,0.0
0.565685424949238,0.0,0.0,0.0
0.5744562646538028,0.0,0.0,0.0
0.5830951894845301,0.0,0.0,0.0
0.5916079783099616,0.0,0.0,0.0
0.6,0.0,0.0,0.0
0.6082762530298219,0.0,0.0,0.0
0.6164414002968976,0.0,0.0,0.0
0.6244997998398398,0.0,0.0,0.0
0.6324555320336759,0.0,0.0,0.0
0.6403124237432849,0.0,0.0,0.0
0.648074069840786,0.0,0.0,0.0
0.6557438524302001,0.0,0.0,0.0
0.6633249580710799,0.0,0.0,0.0
0.6708203932499369,0.0,0.0,0.0
0.6782329983125268,0.0,0.0,0.0
0.6855654600401044,0.0,0.0,0.0
0.6928203230275509,0.0,0.0,0.0
0.7,0.0,0.0,0.0
0.7071067811865476,0.0,0.0,0.0
0.714142842854285,0.0,0.0,0.0
0.7211102550927979,0.0,0.0,0.0
0.7280109889280518,0.0,0.0,0.0
0.7348469228349535,0.0,0.0,0.0
0.7416198487095663,0.0,0.0,0.0
0.7483314773547883,0.0,0.0,0.0
0.754983443527075,0.0,0.0,0.0
0.7615773105863908,0.0,0.0,0.0
0.7681145747868608,0.0,0.0,0.0
0.7745966692414834,0.0,0.0,0.0
0.7810249675906654,0.0,0.0,0.0
0.7874007874011811,0.0,0.0,0.0
0.7937253933193772,0.0,0.0,0.0
0.8,0.0,0.0,0.0
0.806225774829855,0.0,0.0,0.0
0.812403840463596,0.0,0.0,0.0
0.8185352771872451,0.0,0.0,0.0
0.8246211251235321,0.0,0.0,0.0
0.8306623862918076,0.0,0.0,0.0
0.8366600265340756,0.0,0.0,0.0
0.8426149773176358,0.0,0.0,0.0
0.848528137423857,0.0,0.0,0.0
0.8544003745317531,0.0,0.0,0.0
0.8602325267042626,0.0,0.0,0.0
0.8660254037844386,0.0,0.0,0.0
0.8717797887081347,0.0,0.0,0.0
0.8774964387392122,0.0,0.0,0.0
0.8831760866327847,0.0,0.0,0.0
0.8888194417315589,0.0,0.0,0.0
0.8944271909999159,0.0,0.0,0.0
0.9,0.0,0.0,0.0
0.9055385138137417,0.0,0.0,0.0
0.9110433579144299,0.0,0.0,0.0
0.916515138991168,0.0,0.0,0.0
0.9219544457292888,0.0,0.0,0.0
0.9273618495495703,0.0,0.0,0.0
0.9327379053088815,0.0,0.0,0.0
0.938083151964686,0.0,0.0,0.0
0.9433981132056604,0.0,0.0,0.0
0.9486832980505138,0.0,0.0,0.0
0.9539392014169457,0.0,0.0,0.0
0.9591663046625439,0.0,0.0,0.0
0.9643650760992956,0.0,0.0,0.0
0.9695359714832659,0.0,0.0,0.0
0.9746794344808964,0.0,0.0,0.0
0.9797958971132712,0.0,0.0,0.0
0.9848857801796105,0.0,0.0,0.0
0.9899494936611666,0.0,0.0,0.0
0.99498743710662,8.580013039379735e-08,3.153790788006032e-08,1.666631888923517e-07
1.0,4.051656543307529e-07,1.3632377178817775e-07,8.169122626943985e-07
1.004987562112089,3.622357677166476e-07,1.2646327685313217e-07,7.192799815437262e-07
1.0099504938362078,3.1118247529094067e-07,1.0896635424139851e-07,6.171266949559895e-07
1.014889156509222,2.881338143655423e-07,1.0175663735450012e-07,5.693740538113315e-07
1.019803902718557,2.648263454846088e-07,9.428753668128283e-08,5.215192043863208e-07
1.02469507659596,2.442646336703666e-07,8.75172208361095e-08,4.797357857838942e-07
1.0295630140987,2.2672094374489053e-07,8.15450706681458e-08,4.445468675734083e-07
1.03440804327886,2.1151739292427276e-07,7.6159637693847e-08,4.145428808602645e-07
1.0392304845413265,1.986669044891586e-07,7.149203840804873e-08,3.894525854517867e-07
1.044030650891055,1.8689708797262348e-07,6.734816547353011e-08,3.6616617953317035e-07
1.0488088481701516,1.765836610561754e-07,6.370659087534777e-08,3.45785782804113e-07
1.0535653752852738,1.6775451030613817e-07,6.05384796805077e-08,3.284564735027974e-07
1.0583005244258363,1.6013535169414615e-07,5.77150155316976e-08,3.1371067865322084e-07
1.063014581273465,1.5356606826699537e-07,5.518133616349033e-08,3.012286984553028e-07
1.0677078252031311,1.4795333057051492e-07,5.2949142525717244e-08,2.9072287408306137e-07
1.0723805294763609,1.4300980524416457e-07,5.098684761430867e-08,2.8146215603962777e-07
1.0770329614269007,1.3883308408245368e-07,4.9305867430300115e-08,2.736932382154692e-07
1.0816653826391966,1.354472098423677e-07,4.79079884182245e-08,2.6747942638525144e-07
1.0862780491200215,1.328848833918409e-07,4.678719733149944e-08,2.629270159560026e-07
1.0908712114635715,1.3104778589465196e-07,4.591510761146045e-08,2.598270687340983e-07
1.0954451150103321,1.2972088797018983e-07,4.525109719092466e-08,2.5767062157789514e-07
1.1,1.2872391561475668e-07,4.4735570583789903e-08,2.56091112128147e-07
1.104536101718726,1.2779858987323883e-07,4.431640473797624e-08,2.54483880813119e-07
1.1090536506409416,1.2683527207431607e-07,4.393094336242217e-08,2.5268889338549155e-07
1.1135528725660044,1.2586524646008994e-07,4.3540643785222936e-08,2.5088668272669834e-07
1.118033988749895,1.2490837839674382e-07,4.315018445829326e-08,2.49122135883496e-07
1.1224972160321824,1.2397961840250735e-07,4.27609872056586e-08,2.47434110603272e-07
1.1269427669584644,1.231308386677608e-07,4.239022552260527e-08,2.459279329399786e-07
1.131370849898476,1.22397562404773e-07,4.206412121643989e-08,2.4464089654302035e-07
1.1357816691600546,1.2180056877201777e-07,4.1796038639784874e-08,2.4359946919640303e-07
1.140175425099138,1.213411103794887e-07,4.1587287691714206e-08,2.4280394607747297e-07
1.1445523142259597,1.210004833636262e-07,4.1433712178469306e-08,2.422113754541873e-07
1.1489125293076057,1.20766341100336e-07,4.132361994016361e-08,2.418150327834932e-07
1.1532562594670797,1.2063275453225576e-07,4.125063568438187e-08,2.416135391352635e-07
1.1575836902790226,1.206090891403809e-07,4.121345270988563e-08,2.41636561591958e-07
1.161895003862225,1.2070624521864333e-07,4.121442061124455e-08,2.419092765903664e-07
1.1661903789690602,1.2091788852359311e-07,4.1257905757322157e-08,2.4240317508283874e-07
1.1704699910719625,1.2123583187184057e-07,4.1346089618452825e-08,2.4308976824894795e-07
1.174734012447073,1.2164102091887322e-07,4.14753520983125e-08,2.439238488107959e-07
1.1789826122551597,1.2211029250593678e-07,4.164156316111187e-08,2.4484981901097723e-07
1.1832159566199232,1.2264350833164065e-07,4.1838015918312856e-08,2.458835570111873e-07
1.1874342087037917,1.2324742972385055e-07,4.205986946957592e-08,2.4705595491740665e-07
1.1916375287812984,1.2393091239489004e-07,4.2308373746697905e-08,2.4838906075689667e-07
1.1958260743101399,1.24711480027462e-07,4.258152489887191e-08,2.499373424813225e-07
1.2,1.2558828993097128e-07,4.288631175826197e-08,2.516814757084567e-07
1.2041594578792296,1.265425309048983e-07,4.3221649099015986e-08,2.535708304748823e-07
1.2083045973594573,1.275599526812149e-07,4.358817657416655e-08,2.5556352099407395e-07
1.2124355652982142,1.286141580850528e-07,4.3983768728637273e-08,2.5758999613134183e-07
1.2165525060596438,1.2969666870111277e-07,4.439955913693826e-08,2.5964777082716863e-07
1.2206555615733703,1.3081667392623186e-07,4.48335843824248e-08,2.617676402567297e-07
1.224744871391589,1.3198634594391568e-07,4.528148461925694e-08,2.639945882219379e-07
1.2288205727444508,1.3322143818217055e-07,4.5742496998958986e-08,2.6637498748700584e-07
1.2328828005937953,1.3452752539703295e-07,4.621971939641096e-08,2.6891708883964256e-07
1.2369316876852983,1.3589186038081292e-07,4.6714931841919164e-08,2.7158053162436706e-07
1.2409673645990857,1.3728888761296346e-07,4.722768323471416e-08,2.742941504606676e-07
1.2449899597988732,1.3869768539998525e-07,4.775910010189852e-08,2.769961191694249e-07
1.2489995996796797,1.4010405243662015e-07,4.830180007378626e-08,2.796641435838491e-07
1.2529964086141667,1.4151558084012356e-07,4.8849644450595134e-08,2.8233449874237485e-07
1.2569805089976536,1.429511386918187e-07,4.940095388422689e-08,2.850645237011447e-07
1.2609520212918492,1.4442997814793558e-07,4.99479704586935e-08,2.8792717528917073e-07
1.2649110640673518,1.459512904861194e-07,5.049700510830234e-08,2.9090494956280934e-07
1.2688577540449522,1.4749380119646808e-07,5.10487104142871e-08,2.939361834623538e-07
1.2727922061357855,1.4903045606514265e-07,5.159851441990479e-08,2.969554570567358e-07
1.2767145334803705,1.5052921359052402e-07,5.215653881514093e-08,2.998480493555107e-07
1.2806248474865698,1.5200698632005666e-07,5.2705743546257725e-08,3.0270260105394106e-07
1.284523257866513,1.534725870848485e-07,5.3245498974438056e-08,3.0554548287958654e-07
1.2884098726725126,1.549628591994374e-07,5.377128062862626e-08,3.0849147769956757e-07
1.2922847983320085,1.5646314080066474e-07,5.4268436273317905e-08,3.1153429356999244e-07
1.296148139681572,1.5794784946428463e-07,5.4753166884843394e-08,3.145629531358145e-07
1.3,1.5938906994194075e-07,5.522412416648207e-08,3.175019091759372e-07
1.3038404810405297,1.6077324343438149e-07,5.569197195067835e-08,3.202873057744599e-07
1.307669683062202,1.6206733077759705e-07,5.609909730084667e-08,3.229640479437778e-07
1.3114877048604001,1.6343063225986197e-07,5.652336454228862e-08,3.2579513304976117e-07
1.3152946437965904,1.6491381572478447e-07,5.7053044389127157e-08,3.2871170423248664e-07
1.3190905958272918,1.6598307358853137e-07,5.7098994849619354e-08,3.3162216421655526e-07
1.3228756555322954,1.6694572910947688e-07,5.729380771225207e-08,3.338743417038337e-07
1.3266499161421599,1.6825323866982797e-07,5.790859570149307e-08,3.360887498467482e-07
1.3304134695650072,1.697203614529296e-07,5.8067143672540245e-08,3.3985562077002476e-07
1.3341664064126333,1.7107889860652826e-07,5.7518850069674686e-08,3.450420752337974e-07
1.3379088160259651,1.715012282643829e-07,5.939938230465534e-08,3.416802901627133e-07
1.3416407864998738,1.73341929317594e-07,5.568461476745094e-08,3.5606421909603456e-07
1.3453624047073711,1.751636698223862e-07,5.923492026680036e-08,3.524427978151767e-07
1.3490737563232043,1.7482267163627154e-07,5.8140351670525144e-08,3.541593856752708e-07
1.3527749258468684,1.719623243838046e-07,5.7466444930454545e-08,3.476814694093406e-07
1.3564659966250536,1.753378965636287e-07,5.7515327692467405e-08,3.5717814730763376e-07
1.3601470508735443,1.7725330152488177e-07,5.895026177541331e-08,3.590795523106707e-07
1.3638181696985856,1.7680005278459825e-07,5.7167568066374336e-08,3.622289165873458e-07
1.3674794331177345,1.7605973088054554e-07,5.7551364960797255e-08,3.591494494851246e-07
1.3711309200802089,1.7732244103386373e-07,5.7181795400305534e-08,3.636889274756154e-07
1.374772708486752,1.7767409963310125e-07,5.702014484073561e-08,3.651050105919402e-07
1.3784048752090223,1.772173997558733e-07,5.610925311945017e-08,3.661097319529124e-07
1.3820274961085255,1.7716173459064968e-07,5.555155448938341e-08,3.6737894187101215e-07
1.3856406460551018,1.7705906071483385e-07,5.509062210995317e-08,3.682715512729067e-07
1.3892443989449805,1.767794160621197e-07,5.4356243979634184e-08,3.693705530769521e-07
1.3928388277184118,1.7646725812685043e-07,5.3537691580133405e-08,3.7061064098818887e-07
1.396424004376894,1.7604131901000865e-07,5.267896996635664e-08,3.716445501193658e-07
1.4,1.7546198969667033e-07,5.182401169247723e-08,3.722400535005069e-07
1.40356688476182,1.7476134539240638e-07,5.088213842358041e-08,3.727330138328417e-07
1.407124727947029,1.7397096106326712e-07,4.985860672424823e-08,3.732062840545774e-07
1.4106735979665885,1.7315166823751307e-07,4.876415269826026e-08,3.738146935565171e-07
1.4142135623730951,1.7225956508875038e-07,4.7622472822724365e-08,3.743696577835156e-07
1.4177446878757827,1.712919038581738e-07,4.643020278736719e-08,3.7487679933905026e-07
1.4212670403551895,1.7024573075947846e-07,4.5205544842087276e-08,3.7527990962536924e-07
1.4247806848775009,1.6917704081559904e-07,4.39605070183094e-08,3.757139836307407e-07
1.42828568570857,1.6809672279015005e-07,4.270699372334473e-08,3.7618019238713813e-07
1.4317821063276353,1.6700009083886266e-07,4.143349256262181e-08,3.7670220376026096e-07
1.4352700094407325,1.6582954628699903e-07,4.01334074526527e-08,3.7713138792249135e-07
1.4387494569938157,1.6448428351669277e-07,3.8808086103188293e-08,3.771624862849875e-07
1.4422205101855958,1.6289272440909167e-07,3.745999677084631e-08,3.765706971248345e-07
1.445683229480096,1.609965948923345e-07,3.612230960000888e-08,3.7506918103315507e-07
1.449137674618944,1.5882875441620682e-07,3.4780596261529234e-08,3.727968744181865e-07
1.452583904633395,1.56423860143212e-07,3.342507371986636e-08,3.698876238578145e-07
1.4560219778561037,1.5371787089180968e-07,3.2027383858421364e-08,3.6623732729017964e-07
1.4594519519326423,1.5065188660509093e-07,3.052152720072537e-08,3.6189115135038943e-07
1.4628738838327795,1.469630299083295e-07,2.8938230204810847e-08,3.5593483454788267e-07
1.466287829861518,1.4257253040731512e-07,2.727902096425824e-08,3.4811408705337553e-07
1.469693845669907,1.3733128301071033e-07,2.557068551895224e-08,3.378589411132171e-07
1.4730919862656235,1.3122703904971257e-07,2.387088559970228e-08,3.249038752706555e-07
1.47648230602334,1.245620421000635e-07,2.221579108492113e-08,3.100455456747422e-07
1.4798648586948742,1.176894312297027e-07,2.067851130668408e-08,2.941083979720695e-07
1.4832396974191326,1.107545680958078e-07,1.9306120595374386e-08,2.7735991863193455e-07
1.4866068747318506,1.0392010369752997e-07,1.8059919153914385e-08,2.604526576946811e-07
1.489966442575134,9.729421805939684e-08,1.6912022767187145e-08,2.438327009936397e-07
1.493318452306808,9.112594513675222e-08,1.5876538197414957e-08,2.282348857540545e-07
1.4966629547095767,8.551208800116225e-08,1.492004379589524e-08,2.1409255610434997e-07
1.5,8.044319069737107e-08,1.404179475729384e-08,2.0137844493446945e-07
1.503329637837291,7.583749846655038e-08,1.3236180221590362e-08,1.898550383865543e-07
1.5066519173319364,7.164400402987994e-08,1.2505373192756135e-08,1.7935269551387362e-07
1.50996688705415,6.782899171723121e-08,1.184067959577632e-08,1.6979765153420248e-07
1.5132745950421556,6.44540996545045e-08,1.126676810749156e-08,1.6129156079002276e-07
1.5165750888103102,6.136310855210402e-08,1.0687643171813357e-08,1.5370359886846982e-07
1.5198684153570663,5.897632702662057e-08,1.0399422180517245e-08,1.4724355941517294e-07
1.5231546211727816,5.682502025362911e-08,1.0103022990539177e-08,1.415611936684794e-07
1.5264337522473748,5.4582647077238615e-08,9.639339929387487e-09,1.3621890082843953e-07
1.5297058540778354,5.246506067519903e-08,8.980056620074959e-09,1.320173331942564e-07
1.5329709716755893,5.102682742235931e-08,8.854769353944964e-09,1.279368321868354e-07
1.5362291495737217,5.073601862362956e-08,8.891976894620952e-09,1.2687549533386166e-07
1.5394804318340654,4.9046478741344975e-08,8.606488748147726e-09,1.2261036505070036e-07
1.5427248620541512,4.8241219263385744e-08,7.824044782588446e-09,1.2307751110299406e-07
1.5459624833740306,4.804074143576492e-08,7.914575721044824e-09,1.220804045127013e-07
1.5491933384829668,4.543938702143586e-08,7.34314932466345e-09,1.1603434902817798e-07
1.5524174696260025,4.670791825189641e-08,8.181630612533517e-09,1.1681898834670012e-07
1.5556349186104046,4.76056866870274e-08,7.801082165786125e-09,1.2113936890757057e-07
1.5588457268119895,4.6557948695913735e-08,7.471391875431965e-09,1.1909995030854475e-07
1.5620499351813308,4.6487256027163506e-08,7.301358834817709e-09,1.1955694904325367e-07
1.5652475842498528,4.939196564426552e-08,7.994244015908981e-09,1.2607863150178987e-07
1.5684387141358123,4.769205716949986e-08,8.032647115867256e-09,1.205097814883344e-07
1.5716233645501712,4.878911437703783e-08,7.61771039328956e-09,1.2566008683507747e-07
1.5748015748023623,4.996552081135103e-08,8.506613267267352e-09,1.2590295941030763e-07
1.57797338380595,5.12239848736502e-08,8.152365889377543e-09,1.3130757702882485e-07
1.5811388300841898,5.1908555582621216e-08,8.265117969014666e-09,1.330471504197848e-07
1.584297951775486,5.3910174646058446e-08,8.553216141484118e-09,1.3830045737554297e-07
1.5874507866387544,5.4702780143588674e-08,8.233621535823789e-09,1.421540369737799e-07
1.5905973720586868,5.6382828093703973e-08,9.199462038146898e-09,1.4363155934267654e-07
1.5937377450509227,5.910628621488538e-08,9.264124701936294e-09,1.5208858527654017e-07
1.5968719422671314,6.270896620526164e-08,9.602928768259939e-09,1.6228057554514296e-07
1.6,6.483334251143142e-08,9.839570866739345e-09,1.6814365659004177e-07
1.6031219541881396,6.743795650312638e-08,1.0345328400360742e-08,1.7444354630227987e-07
1.606237840420901,7.040031861271041e-08,1.0661336246174416e-08,1.8267710300057537e-07
1.6093476939431082,7.309700894190792e-08,1.0836180939455528e-08,1.9064767101287868e-07
1.61245154965971,7.815171138936567e-08,1.0839420212242128e-08,2.0702501409767006e-07
1.6155494421403511,7.949027431407247e-08,1.220833452159436e-08,2.0556164004465456e-07
1.6186414056238645,8.585787463218753e-08,1.2352670193453415e-08,2.255183476428562e-07
1.6217274740226855,9.010110667801019e-08,1.2834095158000434e-08,2.372169837551247e-07
1.624807680927192,9.488047740284623e-08,1.3349836060578754e-08,2.5051226724204284e-07
1.6278820596099706,1.0228071747276164e-07,1.389700190495953e-08,2.7221428433667633e-07
1.6309506430300091,1.036595332059425e-07,1.3664434181290627e-08,2.777596100123983e-07
1.6340134638368191,1.1358607227906008e-07,1.559930730882219e-08,3.0156953440917374e-07
1.6370705543744901,1.202392542630796e-07,1.6404932272923143e-08,3.197098478354993e-07
1.6401219466856725,1.276365396476704e-07,1.7251291153513916e-08,3.401000290996278e-07
1.6431676725154984,1.3551804139927823e-07,1.8133953519680158e-08,3.619142992628171e-07
1.6462077633154328,1.4460679305834237e-07,1.944371060880162e-08,3.8576929826371417e-07
1.6492422502470643,1.530270306466058e-07,2.00142885409754e-08,4.1075476594211496e-07
1.6522711641858305,1.6271917924226138e-07,2.1221746372083126e-08,4.3704323062327386e-07
1.6552945357246849,1.7297822675740784e-07,2.2347669598128838e-08,4.655628401122941e-07
1.6583123951777,1.8394056735166067e-07,2.355921310071445e-08,4.960043345931631e-07
1.661324772583615,1.9547749027254918e-07,2.4859232536594898e-08,5.279310215956219e-07
1.6643316977093239,2.0768649852795606e-07,2.620088631353779e-08,5.618788791297228e-07
1.6673332000533068,2.2333538463303584e-07,2.8997339810504966e-08,6.004412041686597e-07
1.6703293088490065,2.364636022324812e-07,2.973533590846968e-08,6.401777678904128e-07
1.6733200530681511,2.526202414185516e-07,2.856302601449143e-08,6.992652748172563e-07
1.676305461424021,2.6150717754369784e-07,3.256994897716116e-08,7.094423143925069e-07
1.6792855623746665,2.852709957146365e-07,3.224673219348285e-08,7.896838482304044e-07
1.6822603841260722,2.9377863591849643e-07,3.554188472332028e-08,8.019228445167645e-07
1.6852299546352716,3.134340915193632e-07,3.7731343882224e-08,8.564727308340863e-07
1.6881943016134133,3.3042536115734e-07,3.9329172613466805e-08,9.050419144911181e-07
1.6911534525287764,3.4766043961321954e-07,4.11864433496147e-08,9.531818270992971e-07
1.6941074346097416,3.680053817014296e-07,4.353585095545169e-08,1.0092542677796881e-06
1.697056274847714,3.8591639104256e-07,4.5304898959182804e-08,1.0600636191143254e-06
1.7,4.0707769283969993e-07,4.782948391040059e-08,1.11799595908823e-06
1.70293863659264,4.2871407049576534e-07,5.011779218462024e-08,1.1786471661482128e-06
1.705872210923198,4.4332728719360896e-07,5.1216096411916236e-08,1.221791564920301e-06
1.7088007490635062,4.684087282653044e-07,5.5009986254608505e-08,1.2865588277844395e-06
1.711724276862369,4.886635343405528e-07,5.6543523794283385e-08,1.3462975702389654e-06
1.7146428199482247,5.064190369686315e-07,5.818876931329783e-08,1.3972162382489633e-06
1.7175564037317668,5.293329924549738e-07,6.11519749405124e-08,1.4588200466547097e-06
1.7204650534085253,5.50022678239789e-07,6.35893662659066e-08,1.515609563392286e-06
1.7233687939614086,5.716832812959304e-07,6.559697256627715e-08,1.577726276228122e-06
1.7262676501632068,5.906780437652008e-07,6.73404323376604e-08,1.6322905893553666e-06
1.7291616465790582,6.128961068606484e-07,7.096870086949699e-08,1.6883211176879708e-06
1.7320508075688772,6.276312116848748e-07,7.15990843989104e-08,1.7341822341161134e-06
1.7349351572897473,6.49040029918915e-07,7.49444865670786e-08,1.7889076050802594e-06
1.7378147196982767,6.67760970005387e-07,7.69682235923602e-08,1.8411813529608352e-06
1.7406895185529212,6.802203234590791e-07,7.854491216717233e-08,1.87484763769969e-06
1.7435595774162693,6.979793970062761e-07,8.057057439776052e-08,1.9239178619424154e-06
1.746424919657298,7.136928744075227e-07,8.290678086520964e-08,1.9646830781489387e-06
1.7492855684535902,7.254046404966876e-07,8.390869144188557e-08,1.998671607247708e-06
1.7521415467935233,7.38271699872373e-07,8.580707066643184e-08,2.0321253214062085e-06
1.7549928774784245,7.469544855596131e-07,8.77862476659226e-08,2.051320389665336e-06
1.7578395831246945,7.57357880307839e-07,8.915141293970136e-08,2.0792021559731077e-06
1.760681686165901,7.643954480315659e-07,9.018391746385517e-08,2.0975377267595307e-06
1.7635192088548397,7.70172348842902e-07,9.131366847000388e-08,2.111231551954118e-06
1.7663521732655694,7.744539357123811e-07,9.227444584650484e-08,2.1207927913251792e-06
1.7691806012954132,7.77020298167872e-07,9.304001568408361e-08,2.1256196083315444e-06
1.772004514666935,7.778901105015389e-07,9.364092171269526e-08,2.1256285079018514e-06
1.7748239349298849,7.771384218914616e-07,9.407430631665654e-08,2.121082744147954e-06
1.7776388834631178,7.747954755132582e-07,9.432131815349526e-08,2.1121727023738e-06
1.7804493814764855,7.708523404734721e-07,9.438134117646139e-08,2.0988721501265195e-06
1.783255450012701,7.653429490496776e-07,9.42577873247481e-08,2.0812774407172368e-06
1.786057109949175,7.583080858105755e-07,9.395201289156851e-08,2.0595172090970734e-06
1.7888543819998317,7.49843145216954e-07,9.347116803970534e-08,2.0338728172574024e-06
1.7916472867168918,7.399604472022269e-07,9.281075002962764e-08,2.004406124318763e-06
1.794435844492636,7.287606306459524e-07,9.197864846482368e-08,1.971411840374659e-06
1.797220075561143,7.163454537614155e-07,9.097417813896585e-08,1.935227684541454e-06
1.8,7.028181054995398e-07,8.980543583071605e-08,1.8961548854644907e-06
1.8027756377319946,6.882772801454745e-07,8.848486197492981e-08,1.8544597859318513e-06
1.8055470085267789,6.727981762952247e-07,8.702192576139555e-08,1.8103452765356958e-06
1.8083141320025125,6.564787457111361e-07,8.542468463968434e-08,1.7640953287835594e-06
1.8110770276274835,6.394269102911818e-07,8.370396892300916e-08,1.71601379096302e-06
1.8138357147217055,6.217623820840064e-07,8.18704468441106e-08,1.666443701346181e-06
1.8165902124584952,6.035769050120091e-07,7.993159867686965e-08,1.6156506511503268e-06
1.8193405398660252,5.849761728035818e-07,7.790157499315712e-08,1.5639157327560987e-06
1.8220867158288598,5.660656338263329e-07,7.57888982506136e-08,1.5115444320141784e-06
1.8248287590894658,5.469357252086191e-07,7.361171047661065e-08,1.4587501084244215e-06
1.8275666882497066,5.276854125764312e-07,7.138290372692102e-08,1.405797643469381e-06
1.8303005217723127,5.083948548098516e-07,6.911068128478978e-08,1.3529113088519791e-06
1.833030277982336,4.891350914778176e-07,6.680872212534408e-08,1.3002613709975678e-06
1.835755975068582,4.7000218371828535e-07,6.448687436609122e-08,1.24811672646659e-06
1.8384776310850235,4.510694657085745e-07,6.215275220267635e-08,1.1966819012240559e-06
1.841195263952197,4.323920577740056e-07,5.982080839406958e-08,1.1460721043582237e-06
1.8439088914585775,4.14014509764999e-07,5.749756152153692e-08,1.096403110562776e-06
1.8466185312619388,3.959831909723557e-07,5.519450548262741e-08,1.0477749695689362e-06
1.849324200890693,3.7835839561968455e-07,5.292030915929372e-08,1.0003455062696441e-06
1.8520259177452134,3.612040165995181e-07,5.06804555374652e-08,9.542980873003186e-07
1.8547236990991407,3.4455021554470406e-07,4.848421372311809e-08,9.096899689414784e-07
1.857417562100671,3.284041652069452e-07,4.633596602072273e-08,8.665250355633331e-07
1.8601075237738274,3.1277801012605624e-07,4.4242222935656256e-08,8.248142425554861e-07
1.862793601019716,2.977006523650801e-07,4.220526765686037e-08,7.84641317887969e-07
1.865475810617763,2.831852533846494e-07,4.022944976073958e-08,7.460299630135e-07
1.8681541692269406,2.692531550617909e-07,3.831797078869943e-08,7.090354366385139e-07
1.8708286933869707,2.559011150034479e-07,3.647396146267365e-08,6.73633550233159e-07
1.8734993995195195,2.431174072227892e-07,3.469856982669445e-08,6.397811803167136e-07
1.876166303929372,2.3090732392133846e-07,3.29919855177578e-08,6.074945744215877e-07
1.8788294228055937,2.1926774349284927e-07,3.135672807427625e-08,5.767527042984102e-07
1.8814887722226779,2.0819877911286493e-07,2.97939499897967e-08,5.475509350901344e-07
1.8841443681416772,1.9769010681544776e-07,2.8303463727611824e-08,5.198565443534292e-07
1.8867962264113207,1.8772262636798363e-07,2.6884399828699448e-08,4.93611286399961e-07
1.8894443627691184,1.7828104088728008e-07,2.5533557681816795e-08,4.68779252550838e-07
1.8920887928424501,1.6935100237701013e-07,2.4251028979302898e-08,4.453135142250776e-07
1.8947295321496416,1.6091255060715103e-07,2.30347785091204e-08,4.23158063737236e-07
1.8973665961010275,1.529533630322265e-07,2.1883490469508376e-08,4.022785868114982e-07
1.9,1.4545653060455758e-07,2.079567493470176e-08,3.8262664367606123e-07
1.9026297590440449,1.3840580484108146e-07,1.9768864290598273e-08,3.641601330189137e-07
1.905255888325765,1.3178660293609155e-07,1.8801649590996774e-08,3.4683781934094546e-07
1.9078784028338913,1.2558128971161367e-07,1.7892249946545606e-08,3.3061015896832723e-07
1.91049731745428,1.1977281753019143e-07,1.7038791299900082e-08,3.1542991017344874e-07
1.9131126469708992,1.1434311743473489e-07,1.6238505853731173e-08,3.0125035912601664e-07
1.9157244060668017,1.0927246357298587e-07,1.548879628767671e-08,2.880186832420176e-07
1.9183326093250879,1.0454285776171502e-07,1.4787336329104861e-08,2.7568649907525015e-07
1.9209372712298547,1.0013566831468141e-07,1.4131364723549238e-08,2.6420524250408324e-07
1.9235384061671346,9.603820406466585e-08,1.3519023723391104e-08,2.535417454645197e-07
1.9261360284258222,9.223942275026509e-08,1.2949136105860523e-08,2.4366525075484425e-07
1.9287301521985911,8.872817620043027e-08,1.241987817812648e-08,2.345474549344713e-07
1.9313207915827966,8.549525697305051e-08,1.1929840632761205e-08,2.2616457054053107e-07
1.9339079605813716,8.253045503773562e-08,1.1477602260497403e-08,2.1848960234489967e-07
1.9364916731037085,7.981885239376424e-08,1.1060776679956178e-08,2.1148444660074898e-07
1.9390719429665317,7.734743176692674e-08,1.0677409543047531e-08,2.051153062762425e-07
1.9416487838947598,7.510540480997582e-08,1.0326089739114678e-08,1.9935326387799182e-07
1.944222209522358,7.307936943174456e-08,1.000456101073769e-08,1.941645971920782e-07
1.9467922333931784,7.126876904504689e-08,9.712584393359696e-09,1.89548585400045e-07
1.949358868961793,6.967290137116703e-08,9.450330921651762e-09,1.8550221900771177e-07
1.9519221295943134,6.829145062240274e-08,9.21693920934113e-09,1.820283178678597e-07
1.9544820285692064,6.712991806853273e-08,9.013082510435936e-09,1.7914190232597787e-07
1.9570385790780926,6.618344848365274e-08,8.837225983668139e-09,1.7683400812829276e-07
1.9595917942265424,6.544487992290437e-08,8.687984569163016e-09,1.7508749739133898e-07
1.9621416870348585,6.491125470702131e-08,8.56544907343894e-09,1.7389236389292869e-07
1.96468827043885,6.45779571040092e-08,8.46790255629345e-09,1.732413026732618e-07
1.9672315572906003,6.446928939713964e-08,8.399844999351839e-09,1.7319363881935463e-07
1.969771560359221,6.460383721430497e-08,8.362312855790195e-09,1.7380562303723964e-07
1.972308292331602,6.501148032154967e-08,8.358939165526458e-09,1.751587766460314e-07
1.9748417658131499,6.571581158282698e-08,8.390664626655804e-09,1.773263358239273e-07
1.977371993328519,6.672421904018995e-08,8.458474835507093e-09,1.8032818623415814e-07
1.9798989873223332,6.803672071179864e-08,8.562772053964297e-09,1.841626358271874e-07
1.982422760159901,6.972466821594385e-08,8.714347929317747e-09,1.890144392138451e-07
1.9849433241279208,7.189547264626781e-08,8.92501305135703e-09,1.951822348374494e-07
1.9874606914351791,7.468555334087051e-08,9.209402781043885e-09,2.0304713825030337e-07
1.98997487421324,7.82151675226216e-08,9.580429191244662e-09,2.1294517248027858e-07
1.9924858845171276,8.190272681835449e-08,9.990181223497598e-09,2.2318269252046584e-07
1.9949937343260002,8.843051822130796e-08,1.0736172203832751e-08,2.4120856213949224e-07
1.997498435543818,9.66991623267483e-08,1.165277688570598e-08,2.641772391320417e-07
2.0,1.0589288164679285e-07,1.2815178630551193e-08,2.890348165154754e-07
2.0024984394500787,1.3203829631867047e-07,1.5912308254240075e-08,3.6071734066612916e-07
2.004993765576342,1.578403954973509e-07,1.915054334158648e-08,4.3059471046713097e-07
2.0074859899884734,1.5783789111530886e-07,1.9038248900781566e-08,4.311198589395213e-07
2.009975124224178,1.519502443792563e-07,1.848349412890145e-08,4.1430064396582736e-07
2.0124611797498106,1.5462115638496817e-07,1.8920919299532312e-08,4.2105122722275657e-07
2.0149441679609885,1.5914250254980398e-07,1.953647051383427e-08,4.330698807188056e-07
2.0174241001832014,1.684030206999961e-07,2.0642981221042372e-08,4.5841306966457364e-07
2.0199009876724157,1.8573871531935203e-07,2.2521255652490168e-08,5.067695157842075e-07
2.0223748416156684,1.950455788311963e-07,2.355594264230309e-08,5.326078106150444e-07
2.0248456731316584,2.0125575146526062e-07,2.42797296049387e-08,5.496905690063574e-07
2.0273134932713295,2.0713580385685669e-07,2.4961580263410313e-08,5.658817926219186e-07
2.029778313018444,2.127764549765027e-07,2.5614221718058617e-08,5.81420782047601e-07
2.0322401432901573,2.1827337197015973e-07,2.6251136717550136e-08,5.965595753136686e-07
2.0346989949375804,2.2372623213019333e-07,2.6886411398513906e-08,6.115605737418032e-07
2.0371548787463363,2.292381127369348e-07,2.7534598756754322e-08,6.266951818672662e-07
2.039607805437114,2.340722404283914e-07,2.8091395509271717e-08,6.40024604787576e-07
2.0420577856662137,2.383069996071127e-07,2.856676798284636e-08,6.517605677841936e-07
2.0445048300260873,2.4229520257064176e-07,2.9009819047656428e-08,6.628355343591863e-07
2.046948949045872,2.4606557640594173e-07,2.9423909499522854e-08,6.733284915178724e-07
2.04939015319192,2.496475364111414e-07,2.981246166365227e-08,6.833204116809759e-07
2.0518284528683193,2.5307094481068736e-07,3.017893387580484e-08,6.92893576967682e-07
2.0542638584174138,2.563659108236544e-07,3.0526799537978793e-08,7.021310183581865e-07
2.0566963801203135,2.595626330124599e-07,3.085953081551098e-08,7.11116072479966e-07
2.0591260281974,2.62691284842239e-07,3.1180587041852285e-08,7.19932058775799e-07
2.0615528128088303,2.6575915879052323e-07,3.14910712740981e-08,7.285978637347963e-07
2.0639767440550294,2.6825238498326936e-07,3.1738379626258456e-08,7.35664817150174e-07
2.0663978319771825,2.7055291998883886e-07,3.1961706241070895e-08,7.422092384327535e-07
2.06881608655772,2.726655212857198e-07,3.216175245742325e-08,7.482435177912534e-07
2.071231517720798,2.7459533769158266e-07,3.233925652224312e-08,7.537811624877927e-07
2.073644135332772,2.763478666561285e-07,3.249498935001676e-08,7.588366759426041e-07
2.0760539492026697,2.7792891313453644e-07,3.2629750460938946e-08,7.634254411916751e-07
2.078460969082653,2.7934455008898277e-07,3.274436410242693e-08,7.675636088315467e-07
2.080865204668481,2.806010806654165e-07,3.283967555836794e-08,7.712679895865838e-07
2.083266665599966,2.8170500209243313e-07,3.291654765005825e-08,7.745559516350877e-07
2.0856653614614213,2.826629713487451e-07,3.297585743235835e-08,7.774453228317517e-07
2.08806130178211,2.83481772645383e-07,3.301849308814152e-08,7.799542979650843e-07
2.090454496036687,2.8416828676839167e-07,3.3045351023660236e-08,7.821013511895361e-07
2.092844953645635,2.8482015275628067e-07,3.306782147390637e-08,7.841550381499663e-07
2.0952326839756963,2.85384206778295e-07,3.307991309851034e-08,7.85968112067176e-07
2.0976176963403033,2.858314127376428e-07,3.3078372841564654e-08,7.874600578460498e-07
2.1,2.8616504554898757e-07,3.306367029966552e-08,7.886394561532185e-07
2.1023796041628637,2.863885375135811e-07,3.303628826277148e-08,7.895153446819013e-07
2.1047565179849186,2.865054638332502e-07,3.2996721344981976e-08,7.900971768261243e-07
2.1071307505705477,2.865195285633243e-07,3.2945474662971305e-08,7.903947815696287e-07
2.1095023109728985,2.8643455101770394e-07,3.288306256310129e-08,7.904183246285996e-07
2.1118712081942874,2.8625445263927966e-07,3.2810007398210014e-08,7.901782708875613e-07
2.1142374511865976,2.8598324434891017e-07,3.2726838355032616e-08,7.896853481680262e-07
2.1166010488516727,2.856250143861376e-07,3.2634090333152254e-08,7.889505123697205e-07
2.118962010041709,2.851839166548109e-07,3.2532302876323155e-08,7.879849140244929e-07
2.1213203435596424,2.846641595867238e-07,3.2422019156927366e-08,7.867998663032384e-07
2.12367605815953,2.8406999553634826e-07,3.230378501425741e-08,7.854068145164673e-07
2.12602916254693,2.8340571071968316e-07,3.2178148047233005e-08,7.838173071494094e-07
2.1283796653792764,2.827318406669919e-07,3.205245102279753e-08,7.821964427184674e-07
2.130727575266252,2.8206354895293354e-07,3.192860695186949e-08,7.805852012966266e-07
2.1330729007701543,2.81335333438222e-07,3.179874543035829e-08,7.78804552993765e-07
2.1354156504062622,2.805489879049422e-07,3.1663103488639034e-08,7.768592856089107e-07
2.137755832643195,2.797063841360565e-07,3.152192324876855e-08,7.747544210305096e-07
2.1400934559032696,2.788094665589873e-07,3.137545148565834e-08,7.724951996516312e-07
2.142428528562855,2.7786024701315466e-07,3.122393920078286e-08,7.700870651294531e-07
2.1447610589527217,2.7686079964517355e-07,3.1067641208484863e-08,7.675356495013009e-07
2.147091055358389,2.7581325593547164e-07,3.090681573498706e-08,7.648467586695034e-07
2.149418526020468,2.7471979986017247e-07,3.0741724030261837e-08,7.6202635826738e-07
2.151743479135001,2.7358266319212085e-07,3.05726299929386e-08,7.590805599186671e-07
2.1540659228538015,2.724041209449948e-07,3.0399799808458954e-08,7.560156079027558e-07
2.1563858652847827,2.711864869644764e-07,3.0223501600705975e-08,7.528378662381325e-07
2.1587033144922905,2.6993210967049324e-07,3.004400509734914e-08,7.495538061964561e-07
2.1610182784974308,2.6864336795457573e-07,2.986158130915841e-08,7.461699942597739e-07
2.1633307652783933,2.673226672363968e-07,2.96765022235429e-08,7.426930805334095e-07
2.1656407827707715,2.659724356835827e-07,2.9489040512575132e-08,7.391297876271253e-07
2.16794833886788,2.645951205989033e-07,2.929946925575728e-08,7.354869000172202e-07
2.1702534414210706,2.631931849789602e-07,2.910806167778382e-08,7.317712539022784e-07
2.172556098240043,2.6187458255557436e-07,2.8926185873202695e-08,7.282858575016598e-07
2.1748563170931545,2.6055975421169593e-07,2.8745494971615975e-08,7.248072368970601e-07
2.177154105707724,2.592256333614441e-07,2.8563574695806345e-08,7.212705650771831e-07
2.179449471770337,2.578728979132736e-07,2.8380505851073088e-08,7.176776898804113e-07
2.181742422927143,2.565022624363138e-07,2.8196371581073084e-08,7.140305697446107e-07
2.1840329667841556,2.551144763609214e-07,2.80112572215408e-08,7.103312684673839e-07
2.186321110907545,2.53710322210597e-07,2.7825250157921676e-08,7.065819500490929e-07
2.188606862823929,2.5229061386618515e-07,2.7638439686848446e-08,7.027848736221173e-07
2.1908902300206643,2.508561948632915e-07,2.7450916881404878e-08,6.989423884698081e-07
2.193171219946131,2.4940793672387683e-07,2.7262774460136356e-08,6.950569291386009e-07
2.195449840010015,2.4794673732300677e-07,2.7074106659782896e-08,6.91131010646757e-07
2.1977260975835913,2.464735192917579e-07,2.6885009111721788e-08,6.871672237931974e-07
2.2,2.449892284572933e-07,2.6695578722118263e-08,6.83168230569904e-07
2.202271554554524,2.434948323211458e-07,2.6505913555795724e-08,6.791367596813694e-07
2.2045407685048604,2.419913185767568e-07,2.6316112723844e-08,6.750756021745793e-07
2.2068076490713913,2.4047969366733273e-07,2.6126276274994034e-08,6.709876071830112e-07
2.209072203437452,2.38960981385106e-07,2.593650509079599e-08,6.668756777881699e-07
2.211334438749598,2.3743622151308152e-07,2.5746900784642456e-08,6.627427670021445e-07
2.2135943621178655,2.3590646851038158e-07,2.5557565604686104e-08,6.585918738747281e-07
2.215851980616034,2.3437279024230112e-07,2.5368602340706707e-08,6.544260397286192e-07
2.2181073012818833,2.3283626675619602e-07,2.5180114234984106e-08,6.502483445262469e-07
2.2203603311174516,2.3129798910434506e-07,2.4992204897241926e-08,6.460619033717791e-07
2.222611077089287,2.2979322898876147e-07,2.4808294198955136e-08,6.41967222936692e-07
2.224859546128699,2.2835760578284896e-07,2.4631832144718737e-08,6.380658229076483e-07
2.227105745132009,2.2692319895103764e-07,2.4456222322815574e-08,6.341642076751289e-07
2.2293496809607953,2.2549011673691037e-07,2.4281470963529304e-08,6.302627029068181e-07
2.23159136044214,2.2405848452960152e-07,2.4107585441372914e-08,6.26361685892992e-07
2.233830790368868,2.2262844427133557e-07,2.3934574229202796e-08,6.22461583807681e-07
2.23606797749979,2.2120015387231605e-07,2.3762446853513978e-08,6.185628719875295e-07
2.238302928559939,2.1977378663320023e-07,2.3591213850882243e-08,6.146660722293383e-07
2.2405356502408083,2.18349530675392e-07,2.3420886725522076e-08,6.107717511072309e-07
2.2427661492005804,2.1692758837939425e-07,2.325147790793251e-08,6.068805183104211e-07
2.244994432064365,2.1550817583146377e-07,2.3083000714607084e-08,6.029930250025273e-07
2.247220505424423,2.1409152227882373e-07,2.2915469308788443e-08,5.991099622034192e-07
2.249444375840399,2.1267786959368226e-07,2.2748898662248635e-08,5.952320591945378e-07
2.2516660498395407,2.1126747174632096e-07,2.2583304518081967e-08,5.913600819486772e-07
2.253885533916929,2.0986059428751354e-07,2.2418703354498083e-08,5.874948315851798e-07
2.2561028345356955,2.0845751384054402e-07,2.225511234960689e-08,5.836371428515233e-07
2.2583179581272432,2.0705851760309415e-07,2.2092549347187562e-08,5.797878826322727e-07
2.2605309110914633,2.0566390285927662e-07,2.1931032823438437e-08,5.759479484863656e-07
2.262741699796952,2.0427397650208946e-07,2.1770581854704094e-08,5.72118267213712e-07
2.264950330581225,2.0288905456657668e-07,2.161121608617972e-08,5.68299793452085e-07
2.2671568097509267,2.0150946177397743e-07,2.145295570159309e-08,5.644935083052894e-07
2.2693611435820435,2.0013553108715162e-07,2.1295821393866995e-08,5.607004180035841e-07
2.2715633383201093,1.9876760327757327e-07,2.1139834336765218e-08,5.569215525973592e-07
2.2737634001804143,1.9740602650418294e-07,2.0985016157527506e-08,5.531579646850427e-07
2.2759613353482084,1.9605115590439547e-07,2.0831388910498553e-08,5.494107281762465e-07
2.2781571499789037,1.9470335319756094e-07,2.0678975051758462e-08,5.456809370911401e-07
2.280350850198276,1.9336298630117647e-07,2.0527797414760997e-08,5.419697043970578e-07
2.2825424421026654,1.920564355056209e-07,2.0379980646954565e-08,5.383544429131856e-07
2.2847319317591723,1.90801098823582e-07,2.0236919885211814e-08,5.348862411728894e-07
2.2869193252058544,1.8955434812653785e-07,2.0095161924971447e-08,5.314401073922463e-07
2.2891046284519194,1.8831609414686307e-07,1.9954692542842498e-08,5.2801581435354e-07
2.29128784747792,1.8708625484205865e-07,1.9815498063274508e-08,5.246131562718992e-07
2.293468988235943,1.8586475521746826e-07,1.9677565344107776e-08,5.212319482771831e-07
2.2956480566497994,1.8465152715037665e-07,1.954088176244622e-08,5.178720258986341e-07
2.2978250586152114,1.8344650921555322e-07,1.9405435200847543e-08,5.145332445525353e-07
2.3,1.8224964651230286e-07,1.927121403382574e-08,5.112154790331082e-07
2.3021728866442674,1.810608904930884e-07,1.9138207114661277e-08,5.079186230068954e-07
2.3043437243605824,1.7988019879378938e-07,1.900640376251541e-08,5.046425885108627e-07
2.3065125189341593,1.7870753506565958e-07,1.8875793749843053e-08,5.013873054544689e-07
2.3086792761230392,1.7754286880904864e-07,1.8746367290101567e-08,4.98152721125934e-07
2.3108440016582685,1.763861752089557e-07,1.8618115025751544e-08,4.949387997029632e-07
2.313006701244076,1.7523743497247716e-07,1.849102801654589e-08,4.91745521768158e-07
2.3151673805580453,1.740966341682183e-07,1.8365097728104417e-08,4.885728838293689e-07
2.3173260452512934,1.7296376406773114e-07,1.8240316020770205e-08,4.854208978452244e-07
2.3194827009486403,1.7183882098905082e-07,1.8116675138746106e-08,4.822895907560942e-07
2.32163735324878,1.7072180614239428e-07,1.799416769950744e-08,4.791790040207288e-07
2.32379000772445,1.6961272547809007e-07,1.787278668348903e-08,4.760891931588234e-07
2.3259406699226015,1.6851158953680833e-07,1.7752525424043994e-08,4.7302022729975703e-07
2.328089345364563,1.6741841330215845e-07,1.7633377597671934e-08,4.699721887377571e-07
2.3302360395462087,1.663332160557244e-07,1.751533721451428e-08,4.669451724937428e-07
2.3323807579381204,1.652560212346061e-07,1.7398398609114527e-08,4.6393928588409605e-07
2.3345235059857505,1.641868562915378e-07,1.7282556431441414e-08,4.6095464809661833e-07
2.3366642891095846,1.6312575255765145e-07,1.7167805638172863e-08,4.5799138977392394e-07
2.3388031127052997,1.6207274510795684e-07,1.705414148423832e-08,4.55049652604528e-07
2.340939982143925,1.61027872629609e-07,1.6941559514618138e-08,4.521295889218857e-07
2.3430749027719964,1.599911772930337e-07,1.683005555639719e-08,4.4923136131164245e-07
2.345207879911715,1.5896270462597927e-07,1.6719625711070676e-08,4.463551422273474e-07
2.3473389188611002,1.5794250339057097e-07,1.6610266347100486e-08,4.4350111361489916e-07
2.349468024894146,1.5693062546343603e-07,1.650197409271945e-08,4.40669466545982e-07
2.3515952032609695,1.5593205819542159e-07,1.6395074485776604e-08,4.378752335032113e-07
2.353720459187964,1.5497119198404402e-07,1.6291186119773043e-08,4.3519179420985005e-07
2.355843797877949,1.5401897659548115e-07,1.6188366858146006e-08,4.3253182434930656e-07
2.3579652245103193,1.5307530778860984e-07,1.6086603234573754e-08,4.298950439343218e-07
2.360084744241189,1.5214008407145686e-07,1.5985882016603064e-08,4.2728118099627707e-07
2.3622023622035435,1.5121320665230036e-07,1.5886190201683854e-08,4.2468997144172384e-07
2.364318083507378,1.502945793909251e-07,1.578751501326562e-08,4.2212115890907545e-07
2.3664319132398464,1.493841087500495e-07,1.5689843896956182e-08,4.1957449462552074e-07
2.3685438564654024,1.4848170374694044e-07,1.5593164516742285e-08,4.170497372642146e-07
2.3706539182259396,1.4758727590523166e-07,1.5497464751271795e-08,4.145466528018018e-07
2.3727621035409343,1.467007392069627e-07,1.5402732690197266e-08,4.120650143763336e-07
2.3748684174075834,1.458220100448555e-07,1.5308956630580663e-08,4.0960460214563364e-07
2.3769728648009427,1.4495100717484463e-07,1.5216125073359163e-08,4.071652031461728e-07
2.3790754506740637,1.440876516688768e-07,1.5124226719871116e-08,4.047466111525085e-07
2.3811761799581315,1.432318668679985e-07,1.5033250468442727e-08,4.0234862653734896e-07
2.3832750575625967,1.4238357833574646e-07,1.4943185411034427e-08,3.9997105613230143e-07
2.3853720883753127,1.4154271381185845e-07,1.4854020829946867e-08,3.9761371308936393e-07
2.3874672772626644,1.4070920316632197e-07,1.476574619458643e-08,3.952764167432197e-07
2.3895606290697042,1.398829783537751e-07,1.4678351158289181e-08,3.9295899247439106e-07
2.3916521486202797,1.3906397336828004e-07,1.4591825555203786e-08,3.906612715733192e-07
2.3937418407171647,1.382521241984828e-07,1.450615939723215e-08,3.883830911054252e-07
2.3958297101421877,1.3744736878317832e-07,1.4421342871027826e-08,3.861242937772148e-07
2.3979157616563596,1.3664964696729673e-07,1.4337366335051701e-08,3.838847278034879e-07
2.4,1.3585890045832795e-07,1.4254220316684048e-08,3.8166424677571324e-07
2.4020824298928627,1.3507507278320283e-07,1.4171895509393275e-08,3.7946270953163246e-07
2.4041630560342617,1.34298109245646e-07,1.4090382769959805e-08,3.772799800261516e-07
2.406241883103193,1.3352795688401901e-07,1.4009673115755333e-08,3.7511592720358536e-07
2.4083189157584592,1.3276456442967114e-07,1.3929757722076633e-08,3.7297042487131493e-07
2.4103941586387903,1.3200788226581336e-07,1.3850627919533074e-08,3.708433515749232e-07
2.4124676163629637,1.3125786238693518e-07,1.377227519148758e-08,3.6873459047486967e-07
2.414539293529927,1.305144583587803e-07,1.3694691171550338e-08,3.6664402922477005e-07
2.4166091947189146,1.2977762527889756e-07,1.3617867641123917e-08,3.645715598513402e-07
2.418677324489565,1.2904731973778735e-07,1.3541796527000326e-08,3.625170786360734e-07
2.420743687382041,1.2832349978065898e-07,1.3466469899008024e-08,3.604804859987144e-07
2.4228082879171433,1.2760612486981558e-07,1.3391879967708685e-08,3.5846168638258813e-07
2.4248711305964283,1.2689515584768782e-07,1.3318019082143225e-08,3.564605881418585e-07
2.4269322199023193,1.2619055490053014e-07,1.324487972762549e-08,3.544771034307749e-07
2.4289915602982237,1.2549228552279988e-07,1.3172454523583589e-08,3.5251114809497373e-07
2.4310491562286436,1.24800312482236e-07,1.3100736221447234e-08,3.5056264156490267e-07
2.4331050121192876,1.241211857949408e-07,1.3029931352894438e-08,3.4865247112375565e-07
2.435159132377184,1.234529046814269e-07,1.2959972569777316e-08,3.467742784015178e-07
2.4372115213907883,1.2279089337567495e-07,1.2890706442094495e-08,3.449135190936107e-07
2.4392621835300936,1.2213508244638844e-07,1.2822124932729135e-08,3.4307000204681707e-07
2.4413111231467406,1.2148540338562793e-07,1.2754220091724832e-08,3.4124353875290956e-07
2.4433583445741234,1.2084178859665807e-07,1.2686984055299879e-08,3.3943394331296573e-07
2.445403852127497,1.2020417138177437e-07,1.2620409044868468e-08,3.3764103240157783e-07
2.4474476501040834,1.1957248593011242e-07,1.2554487366068295e-08,3.3586462523096914e-07
2.449489742783178,1.189466673054435e-07,1.2489211407794918e-08,3.3410454351502845e-07
